<?xml version="1.0" encoding="UTF-8"?>
<component xmlns="http://www.opensource-socialnetwork.org/v/3.0">
    <name>OssnLikes</name>
    <id>OssnLikes</id>
    <author>Core Team</author>
    <description>Allow users to like the posts.</description>
    <license>Open Source Social Network License (OSSN LICENSE)</license>
    <author_url>https://www.softlab24.com/</author_url>
    <license_url>http://www.opensource-socialnetwork.org/licence/</license_url>
    <version>5.0</version>
	<requires>
		<type>ossn_version</type>
		<version>5.2</version>
	</requires>
</component>